date,value
1973-01-15,
1973-02-15,
1973-03-15,
1973-04-15,
1973-05-15,
1973-06-15,
1973-07-15,
1973-08-15,
1973-09-15,
1973-10-15,
1973-11-15,
1973-12-15,
1974-01-15,
1974-02-15,
1974-03-15,
1974-04-15,
1974-05-15,
1974-06-15,
1974-07-15,
1974-08-15,
1974-09-15,
1974-10-15,
1974-11-15,
1974-12-15,
1975-01-15,
1975-02-15,
1975-03-15,
1975-04-15,
1975-05-15,
1975-06-15,
1975-07-15,
1975-08-15,
1975-09-15,
1975-10-15,
1975-11-15,
1975-12-15,
1976-01-15,0.54
1976-02-15,0.54
1976-03-15,0.54
1976-04-15,0.55
1976-05-15,0.55
1976-06-15,0.58
1976-07-15,0.58
1976-08-15,0.6
1976-09-15,0.6
1976-10-15,0.62
1976-11-15,0.63
1976-12-15,0.64
1977-01-15,0.67
1977-02-15,0.71
1977-03-15,0.75
1977-04-15,0.77
1977-05-15,0.77
1977-06-15,0.82
1977-07-15,0.83
1977-08-15,0.82
1977-09-15,0.83
1977-10-15,0.84
1977-11-15,0.83
1977-12-15,0.84
1978-01-15,0.87
1978-02-15,0.88
1978-03-15,0.89
1978-04-15,0.88
1978-05-15,0.91
1978-06-15,0.91
1978-07-15,0.89
1978-08-15,0.91
1978-09-15,0.92
1978-10-15,0.92
1978-11-15,0.93
1978-12-15,0.96
1979-01-15,1.02
1979-02-15,1.05
1979-03-15,1.1
1979-04-15,1.11
1979-05-15,1.15
1979-06-15,1.17
1979-07-15,1.2
1979-08-15,1.24
1979-09-15,1.24
1979-10-15,1.28
1979-11-15,1.29
1979-12-15,1.31
1980-01-15,1.37
1980-02-15,1.42
1980-03-15,1.46
1980-04-15,1.51
1980-05-15,1.56
1980-06-15,1.57
1980-07-15,1.64
1980-08-15,1.64
1980-09-15,1.69
1980-10-15,1.71
1980-11-15,1.76
1980-12-15,1.74
1981-01-15,1.77
1981-02-15,1.81
1981-03-15,1.86
1981-04-15,1.93
1981-05-15,1.95
1981-06-15,1.95
1981-07-15,2.01
1981-08-15,2.02
1981-09-15,2.08
1981-10-15,2.11
1981-11-15,2.15
1981-12-15,2.16
1982-01-15,2.23
1982-02-15,2.3
1982-03-15,2.35
1982-04-15,2.4
1982-05-15,2.45
1982-06-15,2.45
1982-07-15,2.47
1982-08-15,2.53
1982-09-15,2.56
1982-10-15,2.6
1982-11-15,2.62
1982-12-15,2.62
1983-01-15,2.66
1983-02-15,2.66
1983-03-15,2.58
1983-04-15,2.53
1983-05-15,2.53
1983-06-15,2.59
1983-07-15,2.52
1983-08-15,2.58
1983-09-15,2.67
1983-10-15,2.58
1983-11-15,2.6
1983-12-15,2.61
1984-01-15,2.67
1984-02-15,2.71
1984-03-15,2.67
1984-04-15,2.64
1984-05-15,2.67
1984-06-15,2.7
1984-07-15,2.68
1984-08-15,2.69
1984-09-15,2.62
1984-10-15,2.63
1984-11-15,2.61
1984-12-15,2.57
1985-01-15,2.64
1985-02-15,2.71
1985-03-15,2.62
1985-04-15,2.64
1985-05-15,2.53
1985-06-15,2.58
1985-07-15,2.51
1985-08-15,2.47
1985-09-15,2.42
1985-10-15,2.37
1985-11-15,2.36
1985-12-15,2.28
1986-01-15,2.28
1986-02-15,2.26
1986-03-15,2.16
1986-04-15,2.1
1986-05-15,1.96
1986-06-15,1.85
1986-07-15,1.8
1986-08-15,1.77
1986-09-15,1.78
1986-10-15,1.73
1986-11-15,1.77
1986-12-15,1.76
1987-01-15,1.74
1987-02-15,1.73
1987-03-15,1.73
1987-04-15,1.69
1987-05-15,1.65
1987-06-15,1.65
1987-07-15,1.66
1987-08-15,1.63
1987-09-15,1.56
1987-10-15,1.57
1987-11-15,1.64
1987-12-15,1.7
1988-01-15,1.96
1988-02-15,1.84
1988-03-15,1.7
1988-04-15,1.59
1988-05-15,1.52
1988-06-15,1.53
1988-07-15,1.56
1988-08-15,1.62
1988-09-15,1.53
1988-10-15,1.68
1988-11-15,1.76
1988-12-15,1.89
1989-01-15,1.99
1989-02-15,1.81
1989-03-15,1.69
1989-04-15,1.56
1989-05-15,1.61
1989-06-15,1.65
1989-07-15,1.65
1989-08-15,1.61
1989-09-15,1.55
1989-10-15,1.58
1989-11-15,1.66
1989-12-15,1.92
1990-01-15,2.23
1990-02-15,1.85
1990-03-15,1.55
1990-04-15,1.49
1990-05-15,1.47
1990-06-15,1.48
1990-07-15,1.49
1990-08-15,1.51
1990-09-15,1.56
1990-10-15,1.76
1990-11-15,1.94
1990-12-15,2.04
1991-01-15,1.96
1991-02-15,1.62
1991-03-15,1.49
1991-04-15,1.5
1991-05-15,1.48
1991-06-15,1.43
1991-07-15,1.34
1991-08-15,1.43
1991-09-15,1.59
1991-10-15,1.82
1991-11-15,1.89
1991-12-15,2.0
1992-01-15,1.74
1992-02-15,1.26
1992-03-15,1.35
1992-04-15,1.42
1992-05-15,1.51
1992-06-15,1.62
1992-07-15,1.55
1992-08-15,1.84
1992-09-15,1.92
1992-10-15,2.38
1992-11-15,2.13
1992-12-15,2.07
1993-01-15,2.03
1993-02-15,1.76
1993-03-15,2.0
1993-04-15,2.06
1993-05-15,2.18
1993-06-15,1.98
1993-07-15,1.99
1993-08-15,2.04
1993-09-15,2.09
1993-10-15,2.02
1993-11-15,2.03
1993-12-15,2.15
1994-01-15,1.93
1994-02-15,1.88
1994-03-15,1.93
1994-04-15,1.91
1994-05-15,2.0
1994-06-15,1.8
1994-07-15,1.81
1994-08-15,1.83
1994-09-15,1.78
1994-10-15,1.7
1994-11-15,1.75
1994-12-15,1.88
1995-01-15,1.62
1995-02-15,1.48
1995-03-15,1.47
1995-04-15,1.52
1995-05-15,1.55
1995-06-15,1.58
1995-07-15,1.43
1995-08-15,1.43
1995-09-15,1.52
1995-10-15,1.54
1995-11-15,1.61
1995-12-15,1.84
1996-01-15,2.05
1996-02-15,1.89
1996-03-15,1.95
1996-04-15,2.08
1996-05-15,2.01
1996-06-15,2.08
1996-07-15,2.25
1996-08-15,2.1
1996-09-15,1.85
1996-10-15,1.94
1996-11-15,2.5
1996-12-15,3.26
1997-01-15,3.4
1997-02-15,2.49
1997-03-15,1.79
1997-04-15,1.81
1997-05-15,2.0
1997-06-15,2.08
1997-07-15,2.0
1997-08-15,2.08
1997-09-15,2.33
1997-10-15,2.68
1997-11-15,2.92
1997-12-15,2.28
1998-01-15,1.96
1998-02-15,1.96
1998-03-15,2.06
1998-04-15,2.16
1998-05-15,2.04
1998-06-15,1.91
1998-07-15,2.09
1998-08-15,1.82
1998-09-15,1.7
1998-10-15,1.86
1998-11-15,1.94
1998-12-15,1.95
1999-01-15,1.85
1999-02-15,1.77
1999-03-15,1.7
1999-04-15,1.9
1999-05-15,2.17
1999-06-15,2.14
1999-07-15,2.2
1999-08-15,2.51
1999-09-15,2.62
1999-10-15,2.52
1999-11-15,2.68
1999-12-15,2.24
2000-01-15,2.6
2000-02-15,2.73
2000-03-15,2.66
2000-04-15,2.86
2000-05-15,3.04
2000-06-15,3.77
2000-07-15,3.84
2000-08-15,3.73
2000-09-15,4.26
2000-10-15,4.58
2000-11-15,4.4
2000-12-15,5.77
2001-01-15,6.82
2001-02-15,5.08
2001-03-15,4.37
2001-04-15,4.52
2001-05-15,4.36
2001-06-15,3.79
2001-07-15,3.35
2001-08-15,3.33
2001-09-15,2.93
2001-10-15,2.78
2001-11-15,3.41
2001-12-15,3.42
2002-01-15,2.5
2002-02-15,2.19
2002-03-15,2.4
2002-04-15,2.94
2002-05-15,2.94
2002-06-15,2.96
2002-07-15,2.92
2002-08-15,2.76
2002-09-15,2.97
2002-10-15,3.24
2002-11-15,3.59
2002-12-15,3.96
2003-01-15,4.43
2003-02-15,5.05
2003-03-15,6.96
2003-04-15,4.47
2003-05-15,4.77
2003-06-15,5.41
2003-07-15,5.08
2003-08-15,4.46
2003-09-15,4.59
2003-10-15,4.32
2003-11-15,4.26
2003-12-15,4.76
2004-01-15,5.21
2004-02-15,5.02
2004-03-15,5.12
2004-04-15,5.03
2004-05-15,5.4
2004-06-15,5.82
2004-07-15,5.62
2004-08-15,5.52
2004-09-15,5.06
2004-10-15,5.43
2004-11-15,6.21
2004-12-15,6.01
2005-01-15,5.8
2005-02-15,5.73
2005-03-15,5.95
2005-04-15,6.57
2005-05-15,6.25
2005-06-15,6.09
2005-07-15,6.71
2005-08-15,6.48
2005-09-15,8.95
2005-10-15,10.33
2005-11-15,9.89
2005-12-15,9.08
2006-01-15,8.01
2006-02-15,6.85
2006-03-15,6.43
2006-04-15,6.37
2006-05-15,6.23
2006-06-15,5.77
2006-07-15,5.91
2006-08-15,6.55
2006-09-15,6.06
2006-10-15,5.09
2006-11-15,6.71
2006-12-15,6.76
2007-01-15,5.7
2007-02-15,6.8
2007-03-15,6.65
2007-04-15,6.26
2007-05-15,6.75
2007-06-15,6.62
2007-07-15,6.21
2007-08-15,5.76
2007-09-15,5.3
2007-10-15,5.78
2007-11-15,6.46
2007-12-15,6.87
2008-01-15,7.38
2008-02-15,8.02
2008-03-15,8.63
2008-04-15,8.87
2008-05-15,9.96
2008-06-15,10.36
2008-07-15,10.79
2008-08-15,8.21
2008-09-15,6.71
2008-10-15,5.64
2008-11-15,5.23
2008-12-15,5.94
2009-01-15,4.6
2009-02-15,3.7
2009-03-15,3.38
2009-04-15,3.18
2009-05-15,3.23
2009-06-15,3.38
2009-07-15,3.45
2009-08-15,3.37
2009-09-15,2.98
2009-10-15,3.83
2009-11-15,4.2
2009-12-15,4.66
2010-01-15,5.69
2010-02-15,5.3
2010-03-15,4.7
2010-04-15,4.1
2010-05-15,4.24
2010-06-15,4.27
2010-07-15,4.44
2010-08-15,4.38
2010-09-15,3.83
2010-10-15,4.05
2010-11-15,4.12
2010-12-15,4.68
2011-01-15,4.37
2011-02-15,4.34
2011-03-15,3.95
2011-04-15,4.05
2011-05-15,4.12
2011-06-15,4.2
2011-07-15,4.27
2011-08-15,4.2
2011-09-15,3.82
2011-10-15,3.62
2011-11-15,3.35
2011-12-15,3.14
2012-01-15,2.89
2012-02-15,2.46
2012-03-15,2.25
2012-04-15,1.89
2012-05-15,1.94
2012-06-15,2.54
2012-07-15,2.59
2012-08-15,2.86
2012-09-15,2.71
2012-10-15,3.03
2012-11-15,3.35
2012-12-15,3.35
2013-01-15,
2013-02-15,
2013-03-15,
2013-04-15,
2013-05-15,
2013-06-15,
2013-07-15,
2013-08-15,
2013-09-15,
2013-10-15,
2013-11-15,
2013-12-15,
2014-01-15,
2014-02-15,
2014-03-15,
2014-04-15,
2014-05-15,
2014-06-15,
2014-07-15,
2014-08-15,
2014-09-15,
2014-10-15,
2014-11-15,
2014-12-15,
2015-01-15,
2015-02-15,
2015-03-15,
2015-04-15,
2015-05-15,
2015-06-15,
2015-07-15,
2015-08-15,
2015-09-15,
2015-10-15,
2015-11-15,
2015-12-15,
2016-01-15,
2016-02-15,
2016-03-15,
2016-04-15,
2016-05-15,
2016-06-15,
2016-07-15,
2016-08-15,
2016-09-15,
2016-10-15,
2016-11-15,
2016-12-15,
2017-01-15,
2017-02-15,
2017-03-15,
2017-04-15,
2017-05-15,
2017-06-15,
2017-07-15,
2017-08-15,
2017-09-15,
2017-10-15,
2017-11-15,
2017-12-15,
2018-01-15,
2018-02-15,
2018-03-15,
2018-04-15,
2018-05-15,
2018-06-15,
2018-07-15,
2018-08-15,
2018-09-15,
2018-10-15,
2018-11-15,
2018-12-15,
2019-01-15,
2019-02-15,
2019-03-15,
2019-04-15,
2019-05-15,
2019-06-15,
2019-07-15,
2019-08-15,
2019-09-15,
2019-10-15,
2019-11-15,
2019-12-15,
2020-01-15,
2020-02-15,
2020-03-15,
2020-04-15,
2020-05-15,
2020-06-15,
2020-07-15,
2020-08-15,
2020-09-15,
2020-10-15,
2020-11-15,
2020-12-15,
2021-01-15,
2021-02-15,
2021-03-15,
2021-04-15,
2021-05-15,
2021-06-15,
2021-07-15,
2021-08-15,
2021-09-15,
2021-10-15,
2021-11-15,
2021-12-15,
2022-01-15,
2022-02-15,
2022-03-15,
2022-04-15,
2022-05-15,
2022-07-15,
2022-08-15,
2022-09-15,
2022-10-15,
2022-11-15,
2022-12-15,
2023-01-15,
2023-02-15,
2023-03-15,
2023-04-15,
2023-05-15,
2023-06-15,
2023-07-15,
2023-08-15,
2023-09-15,
2023-10-15,
2023-11-15,
2023-12-15,
2024-01-15,
2024-02-15,
2024-03-15,
2024-04-15,
2024-05-15,
2024-06-15,
2024-07-15,
2024-08-15,
2024-09-15,
2024-10-15,
2024-11-15,
2025-01-15,
2025-02-15,
2025-03-15,
2025-04-15,
2025-05-15,
2025-06-15,
2025-07-15,
2025-09-15,
2025-10-15,
2025-11-15,
2025-12-15,
2026-01-15,
2026-02-15,
2026-03-15,
2026-04-15,
2026-05-15,
2026-06-15,
